process_id,address
29213,0x5d40ce1594a51878
7290,0x2dd671d33fd76f35
87213,0xce48eff620f817e1
43162,0x345430abb340914d
77824,0xf3c4576926749413
10979,0x29d79f2d488dc29b
85321,0x98662f83930c2ecc
57459,0x8409fee8dd4c65c5
44752,0xf2e9e0cc72e8048f
15167,0xb0994777da8b0145
25590,0x7f30d5f6809ebbaf
63366,0xc7289b5533e0f33f
39050,0x5324703d9374ebfd
23862,0xd0891ae07fcaab97
71337,0xfc6a2d40ea21ae38
1884,0xee119a244136d6a6
19084,0xadd51df480086c8b
50643,0xe3e6a88f4ed1e8cf
47138,0x6594ed019b95a0e8
32325,0x6f8c7b4af9e6816d
